{
    "data_path": "/home/akmandor/ros_workspaces/igibson_ws/src/mobiman/mobiman_simulation/models/point_cloud/red_cube.json",
    "obj_bbx": {
        "max": {
            "x": 0.07000000029802322,
            "y": 0.029999999329447746,
            "z": 0.07000000029802322
        },
        "min": {
            "x": -0.07000000029802322,
            "y": -0.029999999329447746,
            "z": -0.07000000029802322
        }
    },
    "obj_dim": {
        "x": 0.14000000059604645,
        "y": 0.05999999865889549,
        "z": 0.14000000059604645
    },
    "obj_name": "red_cube",
    "oct_resolution": 0.02,
    "pc2": {
        "x": [
            -0.07000000029802322,
            -0.05000000074505806,
            -0.07000000029802322,
            -0.07000000029802322,
            -0.05000000074505806,
            -0.07000000029802322,
            -0.029999999329447746,
            -0.009999999776482582,
            -0.029999999329447746,
            -0.009999999776482582,
            -0.07000000029802322,
            -0.05000000074505806,
            -0.07000000029802322,
            -0.07000000029802322,
            -0.05000000074505806,
            -0.07000000029802322,
            -0.029999999329447746,
            -0.009999999776482582,
            -0.029999999329447746,
            -0.009999999776482582,
            0.009999999776482582,
            0.029999999329447746,
            0.009999999776482582,
            0.029999999329447746,
            0.05000000074505806,
            0.07000000029802322,
            0.07000000029802322,
            0.05000000074505806,
            0.07000000029802322,
            0.07000000029802322,
            0.009999999776482582,
            0.029999999329447746,
            0.009999999776482582,
            0.029999999329447746,
            0.05000000074505806,
            0.07000000029802322,
            0.07000000029802322,
            0.05000000074505806,
            0.07000000029802322,
            0.07000000029802322,
            -0.07000000029802322,
            -0.07000000029802322,
            -0.05000000074505806,
            -0.07000000029802322,
            -0.07000000029802322,
            -0.05000000074505806,
            -0.029999999329447746,
            -0.009999999776482582,
            -0.029999999329447746,
            -0.009999999776482582,
            -0.07000000029802322,
            -0.07000000029802322,
            -0.05000000074505806,
            -0.07000000029802322,
            -0.07000000029802322,
            -0.05000000074505806,
            -0.029999999329447746,
            -0.009999999776482582,
            -0.029999999329447746,
            -0.009999999776482582,
            0.009999999776482582,
            0.029999999329447746,
            0.009999999776482582,
            0.029999999329447746,
            0.07000000029802322,
            0.05000000074505806,
            0.07000000029802322,
            0.07000000029802322,
            0.05000000074505806,
            0.07000000029802322,
            0.009999999776482582,
            0.029999999329447746,
            0.009999999776482582,
            0.029999999329447746,
            0.07000000029802322,
            0.05000000074505806,
            0.07000000029802322,
            0.07000000029802322,
            0.05000000074505806,
            0.07000000029802322,
            -0.07000000029802322,
            -0.05000000074505806,
            -0.07000000029802322,
            -0.07000000029802322,
            -0.05000000074505806,
            -0.07000000029802322,
            -0.029999999329447746,
            -0.009999999776482582,
            -0.029999999329447746,
            -0.009999999776482582,
            -0.07000000029802322,
            -0.05000000074505806,
            -0.07000000029802322,
            -0.07000000029802322,
            -0.05000000074505806,
            -0.07000000029802322,
            -0.05000000074505806,
            -0.029999999329447746,
            -0.009999999776482582,
            -0.029999999329447746,
            -0.009999999776482582,
            -0.029999999329447746,
            -0.009999999776482582,
            0.009999999776482582,
            0.029999999329447746,
            0.009999999776482582,
            0.029999999329447746,
            0.05000000074505806,
            0.07000000029802322,
            0.07000000029802322,
            0.05000000074505806,
            0.07000000029802322,
            0.07000000029802322,
            0.009999999776482582,
            0.029999999329447746,
            0.009999999776482582,
            0.029999999329447746,
            0.009999999776482582,
            0.029999999329447746,
            0.05000000074505806,
            0.07000000029802322,
            0.07000000029802322,
            0.05000000074505806,
            0.07000000029802322,
            0.05000000074505806,
            0.07000000029802322,
            -0.07000000029802322,
            -0.07000000029802322,
            -0.05000000074505806,
            -0.07000000029802322,
            -0.07000000029802322,
            -0.05000000074505806,
            -0.029999999329447746,
            -0.009999999776482582,
            -0.029999999329447746,
            -0.009999999776482582,
            -0.07000000029802322,
            -0.07000000029802322,
            -0.05000000074505806,
            -0.07000000029802322,
            -0.05000000074505806,
            -0.07000000029802322,
            -0.05000000074505806,
            -0.029999999329447746,
            -0.009999999776482582,
            -0.029999999329447746,
            -0.009999999776482582,
            -0.029999999329447746,
            -0.009999999776482582,
            0.009999999776482582,
            0.029999999329447746,
            0.009999999776482582,
            0.029999999329447746,
            0.07000000029802322,
            0.05000000074505806,
            0.07000000029802322,
            0.07000000029802322,
            0.05000000074505806,
            0.07000000029802322,
            0.009999999776482582,
            0.029999999329447746,
            0.009999999776482582,
            0.029999999329447746,
            0.009999999776482582,
            0.029999999329447746,
            0.07000000029802322,
            0.05000000074505806,
            0.07000000029802322,
            0.05000000074505806,
            0.07000000029802322,
            0.05000000074505806,
            0.07000000029802322
        ],