{
    "command": [
        [
            0.4525315463542938,
            -0.10052124410867691,
            -5.949410811183635,
            4.625939052890703,
            1.2787883565782638,
            -2.4155301350073657,
            -2.753701424229048,
            -3.2249589193379222
        ]
    ],
    "dt": 0.05,
    "end_flag": false,
    "state_position": [
        [
            2.2286644211131117,
            0.10613816371170458,
            -2.8863872965194686,
            -6.0384747571063135,
            4.704466262538832,
            1.3782704963812913,
            -2.9096337988714387,
            -2.8724393274641558,
            -3.0334199074955017
        ]
    ],
    "state_velocity_base": [
        [
            0.0,
            0.0
        ]
    ],
    "time_end": 104.89999999999618,
    "time_start": 0.0
}
