{
    "command": [
        [
            0.15215182304382324,
            0.3252931833267212,
            -6.277926921884442,
            3.2162944734899286,
            0.34601789709563807,
            -2.9571713321408644,
            -6.269125302663518,
            4.874925084732865
        ]
    ],
    "dt": 0.05,
    "end_flag": false,
    "state_position": [
        [
            2.4123298141853122,
            -0.530028786964378,
            -1.244263814163708,
            -6.283137008917245,
            3.1871562516729837,
            0.3428827783971671,
            -2.855016426090667,
            -6.272035747790758,
            4.933415657617269
        ]
    ],
    "state_velocity_base": [
        [
            0.0,
            0.0
        ]
    ],
    "time_end": 66.44999999999837,
    "time_start": 0.0
}
