{
    "command": [
        [
            0.5487799644470215,
            0.7861072421073914,
            -6.169975439570901,
            2.5140822725392775,
            0.3643537564650582,
            -3.3325682218698214,
            -6.251095771838189,
            4.2838567610928955
        ]
    ],
    "dt": 0.05,
    "end_flag": false,
    "state_position": [
        [
            3.0335929207702947,
            -0.6153608393888906,
            2.8182902671612164,
            -6.162010528816003,
            2.4987726829802637,
            0.384141478902714,
            -3.3469798560728243,
            -6.254019543967837,
            4.197721265936053
        ]
    ],
    "state_velocity_base": [
        [
            0.0,
            0.0
        ]
    ],
    "time_end": 65.69999999999841,
    "time_start": 0.0
}
